<step title="Incoming Request" date="2025-11-27T04:28:19.969" instance="7caa93" url="/api/publish?type=zip" method="POST" type="request" pid="833,1,23" Accept="*/*" Host="creerlio-api.scm.azurewebsites.net" User-Agent="AZURECLI/2.80.0 (DEB)" Accept-Encoding="gzip, deflate" Authorization="Bea..." Cache-Control="no-cache" Content-Type="application/octet-stream" Cookie="ARRAffinity=7caa93e98d188562c739dc8d129fad057ca3db3f533cd1e100b434c1f214969d; ARRAffinitySameSite=7caa93e98d188562c739dc8d129fad057ca3db3f533cd1e100b434c1f214969d" Content-Length="24430859" x-ms-client-request-id="7d100c50-cb49-11f0-abad-000d3aa1e2fa" x-ms-artifact-checksum="07ca84280fef002763639a822f87bd3cd44978a755f4076e757cd0a99d9e3a1b" X-ARR-LOG-ID="7d100c50-cb49-11f0-abad-000d3aa1e2fa" CLIENT-IP="23.97.62.152:38465" X-SITE-DEPLOYMENT-ID="creerlio-api" WAS-DEFAULT-HOSTNAME="creerlio-api.scm.azurewebsites.net" X-Forwarded-Proto="https" X-AppService-Proto="https" X-Forwarded-TlsVersion="1.3" X-WAWS-Unencoded-URL="/api/publish?type=zip" X-Client-IP="23.97.62.152" X-Client-Port="38465" >
  <step title="OneDeploy" date="2025-11-27T04:28:20.075" >
    <step title="Starting PushDeployAsync" date="2025-11-27T04:28:20.112" /><!-- duration: 3ms -->
    <step title="Writing artifact to /tmp/zipdeploy/a2444419-5c44-4e53-ab36-ad5516b501b3.zip" date="2025-11-27T04:28:20.132" >
      <step title="Writing multipart request body to /tmp/zipdeploy/a2444419-5c44-4e53-ab36-ad5516b501b3.zip" date="2025-11-27T04:28:20.136" /><!-- duration: 6ms -->
    </step><!-- duration: 1442ms -->
    <step title="Attempting to fetch target branch HEAD" date="2025-11-27T04:28:21.594" /><!-- duration: 2ms -->
    <step title="Acquiring Deployment Lock" date="2025-11-27T04:28:21.600" /><!-- duration: 3ms -->
    <step title="Acquired Deployment Lock" date="2025-11-27T04:28:21.632" /><!-- duration: 3ms -->
    <step title="Performing fetch based deployment" date="2025-11-27T04:28:21.643" >
      <step title="Creating temporary deployment" date="2025-11-27T04:28:21.646" /><!-- duration: 53ms -->
      <step title="Releasing Deployment Lock" date="2025-11-27T04:28:22.884" /><!-- duration: 6ms -->
      <step title="Cleaning up temp folders from previous zip deployments and extracting pushed zip file /tmp/zipdeploy/a2444419-5c44-4e53-ab36-ad5516b501b3.zip (23.30 MB) to /tmp/zipdeploy/extracted" date="2025-11-27T04:28:22.926" >
        <step title="ChmodRecursive Process exited with total time taken in ms: 57" date="2025-11-27T04:28:24.208" /><!-- duration: 4ms -->
      </step><!-- duration: 1289ms -->
      <step title="None repository commit" date="2025-11-27T04:28:24.218" >
        <step title="Commit id: ed5e24a7-42a7-4efb-a7b9-58d9ffdd659d" date="2025-11-27T04:28:24.228" Message="OneDeploy" AuthorName="N/A" AuthorEmail="N/A" /><!-- duration: 2ms -->
      </step><!-- duration: 14ms -->
      <step title="Deployment timer started" date="2025-11-27T04:28:26.235" >
        <step title="DeploymentManager.Deploy(id:ed5e24a7-42a7-4efb-a7b9-58d9ffdd659d)" date="2025-11-27T04:28:26.239" >
          <step title="Collecting changeset information" date="2025-11-27T04:28:26.292" /><!-- duration: 95ms -->
          <step title="Updating submodules" date="2025-11-27T04:28:26.391" /><!-- duration: 1129ms -->
          <step title="Determining deployment builder" date="2025-11-27T04:28:27.729" >
            <step title="Builder is OneDeployBuilder" date="2025-11-27T04:28:27.741" /><!-- duration: 3ms -->
          </step><!-- duration: 19ms -->
          <step title="PreDeployment: context.CleanOutputPath False" date="2025-11-27T04:28:27.830" >
            <step title="PreDeployment: context.OutputPath /home/site/wwwroot" date="2025-11-27T04:28:27.979" >
              <step title="Building" date="2025-11-27T04:28:28.144" >
                <step title="Executing external process" date="2025-11-27T04:28:28.649" type="process" path="starter.sh" arguments="/opt/Kudu/Scripts/parallel_rsync.sh /tmp/zipdeploy/extracted /home/site/wwwroot 8 /tmp/ False False  " /><!-- duration: 6520ms -->
                <step title="Modified file to trigger a restart of the app container." date="2025-11-27T04:28:35.558" /><!-- duration: 4ms -->
                <step title="Skip function trigger and logicapp sync because function is not enabled." date="2025-11-27T04:28:35.565" /><!-- duration: 4ms -->
              </step><!-- duration: 8324ms -->
            </step><!-- duration: 8495ms -->
            <step title="Cleaning up temp files" date="2025-11-27T04:28:36.476" /><!-- duration: 3ms -->
            <step title="Cleaning up temp files" date="2025-11-27T04:28:36.481" /><!-- duration: 503ms -->
            <step title="Reloading status file with latest updates" date="2025-11-27T04:28:37.035" >
              <step title="WebHooksManager.PublishEventAsync: PostDeployment" date="2025-11-27T04:28:37.039" /><!-- duration: 26ms -->
            </step><!-- duration: 34ms -->
            <step title="Cleaning up temporary deployment - fetch deployment was successful" date="2025-11-27T04:28:37.075" /><!-- duration: 3ms -->
          </step><!-- duration: 9363ms -->
        </step><!-- duration: 10958ms -->
        <step title="Outgoing response" date="2025-11-27T04:28:37.202" type="response" statusCode="200" statusText="OK" /><!-- duration: 5ms -->
      </step><!-- duration: 10975ms -->
