<step title="Incoming Request" date="2025-11-27T04:25:46.797" instance="7caa93" url="/api/zipdeploy?isAsync=true" method="POST" type="request" pid="833,1,7" Accept="*/*" Host="creerlio-api.scm.azurewebsites.net" User-Agent="AZURECLI/2.80.0 (DEB)" Accept-Encoding="gzip, deflate" Authorization="Bea..." Cache-Control="no-cache" Content-Type="application/octet-stream" Content-Length="24430859" x-ms-client-request-id="0b6e7abe-cb49-11f0-8c52-000d3aa1e2fa" x-ms-artifact-checksum="07ca84280fef002763639a822f87bd3cd44978a755f4076e757cd0a99d9e3a1b" X-ARR-LOG-ID="0b6e7abe-cb49-11f0-8c52-000d3aa1e2fa" CLIENT-IP="23.97.62.152:38456" X-SITE-DEPLOYMENT-ID="creerlio-api" WAS-DEFAULT-HOSTNAME="creerlio-api.scm.azurewebsites.net" X-Forwarded-Proto="https" X-AppService-Proto="https" X-Forwarded-TlsVersion="1.3" X-WAWS-Unencoded-URL="/api/zipdeploy?isAsync=true" X-Client-IP="23.97.62.152" X-Client-Port="38456" >
  <step title="ZipPushDeploy" date="2025-11-27T04:25:47.974" >
    <step title="ZipDeploy. Extract zip." date="2025-11-27T04:25:47.991" /><!-- duration: 2ms -->
    <step title="None repository commit" date="2025-11-27T04:25:47.999" >
      <step title="Commit id: 0aa796f6-f564-4408-b93f-8b2d1f67b355" date="2025-11-27T04:25:48.005" Message="N/A" AuthorName="N/A" AuthorEmail="N/A" /><!-- duration: 2ms -->
    </step><!-- duration: 9ms -->
    <step title="Starting PushDeployAsync" date="2025-11-27T04:25:48.011" /><!-- duration: 2ms -->
    <step title="Writing artifact to /tmp/zipdeploy/af33310d-7c3c-4d5d-b437-d16cba3d4e54.zip" date="2025-11-27T04:25:48.026" >
      <step title="Writing multipart request body to /tmp/zipdeploy/af33310d-7c3c-4d5d-b437-d16cba3d4e54.zip" date="2025-11-27T04:25:48.030" /><!-- duration: 3ms -->
    </step><!-- duration: 1995ms -->
    <step title="Start deployment in the background" date="2025-11-27T04:25:50.068" >
      <step title="Acquiring Deployment Lock" date="2025-11-27T04:25:50.099" /><!-- duration: 3ms -->
      <step title="Acquired Deployment Lock" date="2025-11-27T04:25:50.175" /><!-- duration: 4ms -->
    </step><!-- duration: 184ms -->
  </step><!-- duration: 2288ms -->
  <step title="Outgoing response" date="2025-11-27T04:25:50.285" type="response" statusCode="202" statusText="Accepted" /><!-- duration: 8ms -->
</step><!-- duration: 3499ms -->
