﻿<?xml version="1.0" encoding="utf-8"?>
<deployment>
  <id>0aa796f6-f564-4408-b93f-8b2d1f67b355</id>
  <author>N/A</author>
  <deployer>Push-Deployer</deployer>
  <authorEmail>N/A</authorEmail>
  <message>Created via a push deployment</message>
  <progress></progress>
  <status>Success</status>
  <statusText></statusText>
  <lastSuccessEndTime>2025-11-27T04:26:12.6428524Z</lastSuccessEndTime>
  <receivedTime>2025-11-27T04:25:56.9305808Z</receivedTime>
  <startTime>2025-11-27T04:25:58.3001118Z</startTime>
  <endTime>2025-11-27T04:26:12.6428524Z</endTime>
  <complete>True</complete>
  <is_temp>False</is_temp>
  <is_readonly>True</is_readonly>
  <buildSummary />
</deployment>