<step title="Incoming Request" date="2025-11-27T04:30:53.014" instance="7caa93" url="/api/publish?type=zip" method="POST" type="request" pid="833,1,5" Accept="*/*" Host="creerlio-app.scm.azurewebsites.net" User-Agent="AZURECLI/2.80.0 (DEB)" Accept-Encoding="gzip, deflate" Authorization="Bea..." Cache-Control="no-cache" Content-Type="application/octet-stream" Content-Length="12981734" x-ms-client-request-id="c14abb90-cb49-11f0-b404-000d3aa1e2fa" x-ms-artifact-checksum="84f6edacf3219b1c61f8ff21f7c3f400864012218171cab250fb28ee8ce7a1f1" X-ARR-LOG-ID="c14abb90-cb49-11f0-b404-000d3aa1e2fa" CLIENT-IP="23.97.62.152:38456" X-SITE-DEPLOYMENT-ID="creerlio-app" WAS-DEFAULT-HOSTNAME="creerlio-app.scm.azurewebsites.net" X-Forwarded-Proto="https" X-AppService-Proto="https" X-Forwarded-TlsVersion="1.3" X-WAWS-Unencoded-URL="/api/publish?type=zip" X-Client-IP="23.97.62.152" X-Client-Port="38456" >
  <step title="OneDeploy" date="2025-11-27T04:30:53.921" >
    <step title="None repository commit" date="2025-11-27T04:30:53.941" >
      <step title="Commit id: aca7385d-52c7-4690-a7b3-08d19eaa8814" date="2025-11-27T04:30:53.945" Message="N/A" AuthorName="N/A" AuthorEmail="N/A" /><!-- duration: 2ms -->
    </step><!-- duration: 10ms -->
    <step title="Starting PushDeployAsync" date="2025-11-27T04:30:53.956" /><!-- duration: 14ms -->
    <step title="Writing artifact to /tmp/zipdeploy/5c16fb34-eb16-4230-8ad8-c96ebe9f741f.zip" date="2025-11-27T04:30:53.983" >
      <step title="Writing multipart request body to /tmp/zipdeploy/5c16fb34-eb16-4230-8ad8-c96ebe9f741f.zip" date="2025-11-27T04:30:53.988" /><!-- duration: 3ms -->
    </step><!-- duration: 507ms -->
    <step title="Attempting to fetch target branch HEAD" date="2025-11-27T04:30:54.497" /><!-- duration: 4ms -->
    <step title="Acquiring Deployment Lock" date="2025-11-27T04:30:54.504" /><!-- duration: 3ms -->
    <step title="Acquired Deployment Lock" date="2025-11-27T04:30:54.547" /><!-- duration: 2ms -->
    <step title="Performing fetch based deployment" date="2025-11-27T04:30:54.556" >
      <step title="Creating temporary deployment" date="2025-11-27T04:30:54.560" /><!-- duration: 87ms -->
      <step title="Releasing Deployment Lock" date="2025-11-27T04:30:55.935" /><!-- duration: 4ms -->
      <step title="Cleaning up temp folders from previous zip deployments and extracting pushed zip file /tmp/zipdeploy/5c16fb34-eb16-4230-8ad8-c96ebe9f741f.zip (12.38 MB) to /tmp/zipdeploy/extracted" date="2025-11-27T04:30:55.966" >
        <step title="ChmodRecursive Process exited with total time taken in ms: 104" date="2025-11-27T04:30:58.771" /><!-- duration: 5ms -->
      </step><!-- duration: 2812ms -->
      <step title="None repository commit" date="2025-11-27T04:30:58.781" >
        <step title="Commit id: aca7385d-52c7-4690-a7b3-08d19eaa8814" date="2025-11-27T04:30:58.783" Message="OneDeploy" AuthorName="N/A" AuthorEmail="N/A" /><!-- duration: 2ms -->
      </step><!-- duration: 7ms -->
      <step title="Deployment timer started" date="2025-11-27T04:31:00.799" >
        <step title="DeploymentManager.Deploy(id:aca7385d-52c7-4690-a7b3-08d19eaa8814)" date="2025-11-27T04:31:00.804" >
          <step title="Collecting changeset information" date="2025-11-27T04:31:00.812" /><!-- duration: 72ms -->
          <step title="Updating submodules" date="2025-11-27T04:31:00.888" /><!-- duration: 1128ms -->
          <step title="Determining deployment builder" date="2025-11-27T04:31:02.310" >
            <step title="Builder is OneDeployBuilder" date="2025-11-27T04:31:02.358" /><!-- duration: 2ms -->
          </step><!-- duration: 53ms -->
          <step title="PreDeployment: context.CleanOutputPath False" date="2025-11-27T04:31:02.421" >
            <step title="PreDeployment: context.OutputPath /home/site/wwwroot" date="2025-11-27T04:31:02.554" >
              <step title="Building" date="2025-11-27T04:31:02.733" >
                <step title="Executing external process" date="2025-11-27T04:31:03.305" type="process" path="starter.sh" arguments="/opt/Kudu/Scripts/parallel_rsync.sh /tmp/zipdeploy/extracted /home/site/wwwroot 8 /tmp/ False False  " /><!-- duration: 35380ms -->
                <step title="Modified file to trigger a restart of the app container." date="2025-11-27T04:31:39.275" /><!-- duration: 2ms -->
                <step title="Skip function trigger and logicapp sync because function is not enabled." date="2025-11-27T04:31:39.285" /><!-- duration: 2ms -->
              </step><!-- duration: 37377ms -->
            </step><!-- duration: 37586ms -->
            <step title="Cleaning up temp files" date="2025-11-27T04:31:40.143" /><!-- duration: 3ms -->
            <step title="Cleaning up temp files" date="2025-11-27T04:31:40.183" /><!-- duration: 510ms -->
            <step title="Reloading status file with latest updates" date="2025-11-27T04:31:40.713" >
              <step title="WebHooksManager.PublishEventAsync: PostDeployment" date="2025-11-27T04:31:40.718" /><!-- duration: 118ms -->
            </step><!-- duration: 126ms -->
            <step title="Cleaning up temporary deployment - fetch deployment was successful" date="2025-11-27T04:31:40.844" /><!-- duration: 2ms -->
          </step><!-- duration: 38492ms -->
        </step><!-- duration: 40133ms -->
        <step title="Outgoing response" date="2025-11-27T04:31:40.979" type="response" statusCode="200" statusText="OK" /><!-- duration: 3ms -->
      </step><!-- duration: 40186ms -->
