﻿<?xml version="1.0" encoding="utf-8"?>
<deployment>
  <id>aca7385d-52c7-4690-a7b3-08d19eaa8814</id>
  <author>N/A</author>
  <deployer>OneDeploy</deployer>
  <authorEmail>N/A</authorEmail>
  <message>OneDeploy</message>
  <progress></progress>
  <status>Success</status>
  <statusText></statusText>
  <lastSuccessEndTime>2025-11-27T04:31:39.711867Z</lastSuccessEndTime>
  <receivedTime>2025-11-27T04:31:00.8313152Z</receivedTime>
  <startTime>2025-11-27T04:31:02.2170444Z</startTime>
  <endTime>2025-11-27T04:31:39.711867Z</endTime>
  <complete>True</complete>
  <is_temp>False</is_temp>
  <is_readonly>True</is_readonly>
  <buildSummary />
</deployment>