﻿<?xml version="1.0" encoding="utf-8"?>
<deployment>
  <id>ed5e24a7-42a7-4efb-a7b9-58d9ffdd659d</id>
  <author>N/A</author>
  <deployer>OneDeploy</deployer>
  <authorEmail>N/A</authorEmail>
  <message>OneDeploy</message>
  <progress></progress>
  <status>Success</status>
  <statusText></statusText>
  <lastSuccessEndTime>2025-11-27T04:28:36.0391592Z</lastSuccessEndTime>
  <receivedTime>2025-11-27T04:28:26.3212914Z</receivedTime>
  <startTime>2025-11-27T04:28:27.6649029Z</startTime>
  <endTime>2025-11-27T04:28:36.0391592Z</endTime>
  <complete>True</complete>
  <is_temp>False</is_temp>
  <is_readonly>True</is_readonly>
  <buildSummary />
</deployment>